row ID,row m/z,row retention time,SampleB3.mzML Peak area,SampleB4.mzML Peak area,SampleB5.mzML Peak area,SampleB2.mzML Peak area,SampleB1.mzML Peak area,Blank_reg.mzML Peak area,
1,255.2329839,1.316927042,1.58E+09,2.11E+09,2.41E+09,1.21E+09,2.02E+09,3.60E+07,
2,283.2643026,1.302582812,9.68E+08,1.66E+09,1.34E+09,1.02E+09,1.19E+09,2.70E+07,
3,475.1897705,5.055457351,1.47E+09,2.16E+09,506007.1687,2.03E+09,1.44E+09,0,
4,477.2102386,1.286953126,3.97E+08,2.75E+08,3.26E+08,1.83E+08,4.20E+08,0,
5,218.1034241,4.27445186,6.50E+08,0,0,0,5.50E+08,0,
6,497.1717491,5.046348333,1.04E+09,1.05E+09,1461199.241,0,2.15E+09,0,
7,307.1124166,1.447156627,4.46E+08,4.87E+08,0,3.43E+08,0,0,
8,783.3522705,1.35927311,2.08E+08,1.36E+08,1.64E+08,7.52E+07,1.42E+08,0,
9,277.2173996,1.145527923,2.03E+08,2.51E+08,0,9.17E+07,2.28E+08,0,
10,407.1449646,1.316197126,1.99E+08,3.53E+07,2.41E+08,3.94E+07,1.14E+08,0,
11,192.0666695,2.131234597,2.12E+08,1.86E+08,0,2.00E+08,2.56E+08,0,
12,530.2386169,4.981331705,4.56E+08,5.25E+08,0,4.90E+08,2.91E+08,0,
13,747.3758789,1.362713399,1.04E+08,7.57E+07,1.69E+08,3.03E+07,7.41E+07,0,
14,234.0772491,1.074299096,1.05E+08,8.67E+07,2681630.924,5.77E+07,9.74E+07,0,
15,401.0940857,1.197589354,1.52E+08,1.16E+08,0,1.48E+08,1.44E+08,0,
16,731.2425308,1.197589354,5.63E+07,5.12E+07,0,1.78E+07,7491545.917,0,
17,425.1378754,1.316196246,1.06E+08,7.49E+07,5.24E+07,5.89E+07,9.51E+07,0,
18,276.0878693,1.046568793,8.66E+07,8.75E+07,5552902.182,5.75E+07,6.90E+07,0,
19,513.1870178,1.298991622,1.09E+08,7.35E+07,4.68E+07,6.54E+07,1.31E+08,0,
20,749.3463501,1.283509286,7.74E+07,5.01E+07,1.57E+07,4.32E+07,5.99E+07,0,
21,289.1017334,4.630214303,1.54E+08,2.17E+08,1037571.74,2.03E+08,2.22E+08,0,
22,220.1343262,1.117744339,8.65E+07,7.80E+07,6965143.073,6.35E+07,7.55E+07,0,
23,281.1078033,1.477811065,1.65E+08,1.17E+08,0,7.52E+07,1.34E+08,0,
24,135.0300102,6.298783855,1.28E+08,1.60E+08,0,1.80E+08,8.36E+07,0,
25,203.0825958,5.694771628,1.44E+08,1.64E+08,2.07E+08,1.03E+08,1.35E+08,0,
26,309.0664642,1.557896243,1.04E+08,1.10E+08,1.17E+08,9.77E+07,2.26E+08,0,
27,343.0885391,1.471349286,1.41E+08,1.53E+08,0,1.17E+08,3.45E+07,0,
28,180.0666168,6.332004389,1.03E+08,1.41E+08,6.02E+07,1.41E+08,1.65E+08,0,
29,178.0509396,2.216594856,9.43E+07,8.27E+07,0,9.33E+07,1.17E+08,0,
30,699.2163849,1.419512642,1.33E+08,1.27E+08,0,9.58E+07,4.82E+07,0,
31,172.0979294,4.901322736,1.21E+08,8.12E+07,3263530.963,8.86E+07,7.76E+07,0,
32,289.1017685,1.570911127,9.63E+07,9.43E+07,0,8.35E+07,6.31E+07,0,
33,279.2330093,1.132575064,6.46E+07,7.74E+07,0,2.94E+07,7.83E+07,0,
34,310.0967224,5.567559935,8.72E+07,1.14E+08,1003715.483,1.03E+08,5.36E+07,0,
35,121.0296288,2.183383997,7.75E+07,7.62E+07,3.21E+08,7.27E+07,4.71E+08,0,
36,735.2705841,5.084649746,2.07E+08,2.30E+08,0,2.77E+08,3.02E+08,0,
37,511.160965,1.475653693,1.04E+08,7.05E+07,0,5.16E+07,4.72E+07,0,
38,283.134082,1.324795812,7.51E+07,5.66E+07,1.24E+08,2.02E+07,1.14E+08,0,
39,287.1401558,1.199743672,6.19E+07,5.99E+07,0,4.49E+07,6.56E+07,0,
40,342.1190491,6.404849679,9.48E+07,1.50E+08,2824691.263,9.44E+07,6.20E+07,0,
41,311.1687724,1.048860004,8.68E+07,0,9.73E+07,0,1.38E+08,0,
42,713.369873,1.276626933,5.56E+07,4.00E+07,3.88E+07,2.56E+07,4.38E+07,0,
43,765.3416809,1.293832739,5.89E+07,3.40E+07,3.08E+07,2.41E+07,3.44E+07,0,
44,107.0502708,1.262823179,5.41E+07,5.58E+07,7.86E+08,4.00E+07,4.00E+07,0,
45,129.0558258,1.461069352,5.28E+07,5.42E+07,5.38E+08,3.56E+07,8.10E+07,0,
46,259.0468597,1.247167842,4.98E+07,2.38E+07,0,1.82E+07,5.62E+07,0,
47,449.1733765,1.350672469,5.39E+07,4.63E+07,3.97E+07,2.64E+07,1.33E+07,0,
48,567.1819458,1.361290489,4.84E+07,1.49E+07,0,1.64E+07,4.14E+07,0,
49,250.0908218,1.114304276,4.42E+07,4.03E+07,3234042.817,3.35E+07,3.83E+07,0,
50,564.2231369,4.9877939,8.79E+07,9.83E+07,0,6.83E+07,3.87E+07,0,
51,729.3650208,1.285233986,4.34E+07,2.68E+07,3.32E+07,1.68E+07,2.67E+07,0,
52,201.0227203,1.156319389,3.44E+07,3.55E+07,0,2.10E+07,2.27E+07,0,
53,375.1794853,1.359164692,4.39E+07,0,2.54E+07,1.27E+07,4.11E+07,0,
54,188.9863739,1.516717731,3.83E+07,3.64E+07,0,2.40E+07,2.19E+07,0,
55,391.0498734,1.575235531,5.80E+07,5.14E+07,0,4.95E+07,5.35E+07,0,
56,172.9914291,1.393699792,3.18E+07,3.60E+07,7.64E+08,2.26E+07,1.62E+07,0,
57,290.0882446,6.31800436,3.96E+07,1.03E+08,1977094.81,8.26E+07,1.94E+07,0,
58,423.0759201,1.193026563,4.18E+07,3.61E+07,0,3.54E+07,5.64E+07,0,
59,255.1140076,1.577012922,4.93E+07,4.38E+07,3560801.396,3.57E+07,3.06E+07,0,
60,559.8140361,12.09213211,8.00E+07,0,7.49E+07,0,1.24E+08,0,
61,589.2005615,5.218294415,5.02E+07,8.99E+07,0,8.73E+07,3.95E+07,0,
62,192.048893,1.331097904,3.43E+07,4.88E+07,0,5.73E+07,1.61E+07,0,
63,192.1030487,1.618801678,4.63E+07,4.39E+07,1.42E+07,1.92E+07,7.15E+07,0,
64,246.0772324,1.512415711,3.77E+07,3.38E+07,0,2.76E+07,3.01E+07,0,
65,227.0748215,1.643069628,4.51E+07,3.54E+07,1.20E+08,2.97E+07,8.24E+07,0,
66,264.0699844,1.147134296,3.66E+07,3.22E+07,598363.4526,2.74E+07,0,0,
67,229.1347549,5.233581677,4.66E+07,5.40E+07,393243.1313,6.04E+07,5.38E+07,0,
68,206.0822716,4.886450964,5.61E+07,3.97E+07,0,4.42E+07,3.68E+07,0,
69,475.1841736,1.479971973,5.34E+07,3.66E+07,0,2.72E+07,2.43E+07,0,
70,449.1497223,1.129835695,2.81E+07,2.30E+07,2.77E+08,4.79E+07,1.43E+08,0,
71,493.2050873,1.302434502,2.78E+07,1.75E+07,7486462.367,1.22E+07,2.43E+07,0,
72,757.2522736,5.108483854,1.06E+08,8.50E+07,0,1.19E+08,2.95E+08,0,
73,203.0020065,1.309317459,2.50E+07,2.84E+07,6.00E+08,1.72E+07,1.16E+07,0,
74,283.082428,3.953256967,5.60E+07,6.14E+07,0,4.70E+07,3.10E+07,0,
75,543.1330795,1.460552319,4.16E+07,2.65E+07,0,1.86E+07,1.78E+07,0,
76,204.9132751,12.46471695,6.64E+07,2.03E+07,3.76E+07,7.17E+07,6.48E+07,0,
77,280.1038513,6.664580712,2.70E+07,4.13E+07,3350076.811,4.61E+07,4.19E+07,0,
78,844.7203857,12.11164895,4.47E+07,3.66E+07,4.55E+07,5.86E+07,7.17E+07,0,
79,132.8679606,1.318064936,1.11E+08,8.46E+07,6.32E+07,0,0,0,
80,531.2053757,1.354840276,2.40E+07,8735943.531,0,6042235.529,2.54E+07,0,
81,553.131897,1.223033521,1.22E+07,1.42E+07,0,4381563.659,0,0,
82,575.1051636,1.449752222,3.47E+07,1.72E+07,0,1.23E+07,1.02E+07,0,
83,367.104744,6.980731296,5.83E+07,0,5.66E+07,5.57E+07,3.87E+07,0,
84,297.1531474,1.052940553,2.60E+07,2.53E+07,3.49E+07,0,0,0,
85,951.5754929,1.272998798,2.19E+07,8704069.216,0,1.22E+07,1.47E+07,0,
86,908.7057617,12.09786097,5.17E+07,4.12E+07,5.00E+07,6.71E+07,8.35E+07,0,
87,204.0433248,2.73108407,5.27E+07,0,0,6.33E+07,4.12E+07,0,
88,339.199585,1.038582117,3.84E+07,0,3.26E+07,0,0,0,
89,227.2017415,1.347484071,4.35E+07,0,0,2.17E+07,6.27E+07,0,
90,244.9057922,12.43243447,6.07E+07,1.81E+07,3.15E+07,7.39E+07,7.30E+07,0,
91,378.0957916,6.337091906,4.17E+07,7.62E+07,1408107.638,4.91E+07,2.48E+07,0,
92,282.1348206,4.877142123,3.48E+07,2.55E+07,1546713.418,2.69E+07,2.22E+07,0,
93,400.3065582,1.319636445,2.18E+07,4.00E+07,2.60E+07,2.48E+07,2.85E+07,0,
94,153.0194073,1.26007771,1.21E+07,1.01E+07,0,6916560.119,8880516.949,0,
95,244.9656845,1.250768079,1.45E+07,1.41E+07,6.61E+07,1.12E+07,1.08E+07,0,
96,138.9415939,12.46472701,4.82E+07,1.58E+07,3.12E+07,4.46E+07,3.59E+07,0,
97,551.2657043,1.273148039,1.96E+07,1.42E+07,1.90E+07,7624494.206,2.36E+07,0,
98,877.7066711,12.0995826,3.61E+07,2.81E+07,3.89E+07,4.83E+07,5.90E+07,0,
99,298.8862396,6.278278199,3.09E+07,3.46E+07,3.88E+07,2.54E+07,2623116.469,0,
100,347.1608391,1.117471709,1.68E+07,1.95E+07,0,1.50E+07,1.15E+07,0,
101,659.5461731,1.331679012,1.46E+07,1.86E+07,2.09E+07,1.07E+07,6563310.08,0,
102,210.071373,1.363258376,1.32E+07,0,0,0,1.35E+07,0,
103,132.8679504,5.035073627,7.21E+07,7.73E+07,0,0,0,0,
104,301.1075134,2.061438521,3.37E+07,2.38E+07,0,2.65E+07,1.47E+07,0,
105,687.5777771,1.326515609,1.51E+07,2.80E+07,2.39E+07,1.85E+07,6086950.917,0,
106,579.8105087,12.1192143,3.36E+07,2.46E+07,0,4.68E+07,0,3.90E+08,
107,530.3021545,1.988956364,3.58E+07,3.93E+07,0,1.89E+07,1.72E+07,0,
108,355.0730057,4.635160481,2.77E+07,3.42E+07,0,3.56E+07,5.22E+07,0,
109,303.9210144,6.841394555,3.86E+07,4.59E+07,502255.4732,3.52E+07,4790569.898,0,
110,194.0769882,1.324796329,2.49E+07,1.91E+07,1.51E+07,1.15E+07,2.83E+07,0,
111,330.1139282,4.910034122,2.83E+07,2.22E+07,713065.6283,4.92E+07,2.87E+07,0,
112,421.3086456,1.317916079,1.49E+07,3.14E+07,7442546.44,3.73E+07,1.23E+07,0,
113,248.150325,4.897894782,2.90E+07,2.02E+07,561737.8853,2.14E+07,1.88E+07,0,
114,361.0643311,1.855322481,3.61E+07,2.72E+07,0,2.18E+07,1.76E+07,0,
115,558.3339722,1.874345936,3.17E+07,3.73E+07,2.68E+08,1.93E+07,1.05E+07,0,
116,714.301239,1.268728668,1.96E+07,2.76E+07,0,3.81E+07,5.54E+07,0,
117,134.8653361,1.32064826,8.70E+07,6.55E+07,0,1.61E+08,0,0,
118,112.9857018,1.483579902,1.37E+08,1.22E+08,1.37E+08,1.38E+08,1.45E+08,0,
119,158.0822868,5.678858318,2.60E+07,2.74E+07,0,2.08E+07,1.17E+07,0,
120,250.0253372,2.125951586,1.90E+07,1.82E+07,4.89E+07,1.54E+07,2.49E+07,0,
121,254.0801636,4.271343292,3.08E+07,3.50E+07,5949221.822,4.46E+07,2.35E+07,0,
122,167.0437958,7.134371319,2.16E+07,3.65E+07,7613456.268,4.69E+07,5.98E+07,0,
123,158.0459309,3.580203072,3.32E+07,3.02E+07,0,2.21E+07,2.11E+07,0,
124,358.0503769,5.585153643,1.70E+07,3.58E+07,6524814.559,1.43E+07,0,0,
125,182.9886424,1.134036386,6.78E+07,0,1.20E+08,6.73E+07,0,0,
126,369.0677605,4.630808693,2.18E+07,3.00E+07,0,3.56E+07,3.21E+07,0,
127,250.1084091,1.153994103,1.27E+07,7474071.384,2214513.903,6617223.566,8667785.862,0,
128,685.2006378,4.877814581,1.88E+07,1.89E+07,0,3.23E+07,1.38E+07,0,
129,555.1304728,5.225913154,5.73E+07,0,0,6.89E+07,2.55E+08,0,
130,126.0197617,5.221463506,2.88E+07,2.94E+07,8438594.089,4.72E+07,2.08E+07,0,
131,169.8340332,1.280059405,3.37E+07,3.14E+07,2.17E+07,6.64E+07,5.39E+07,0,
132,277.1810272,1.16088178,1.15E+07,4751310.22,5496325.768,8148629.2,2.30E+07,0,
133,351.1016693,4.696194159,3.53E+07,5.37E+07,0,4.57E+07,4.01E+07,0,
134,482.1754265,1.108822222,1.52E+07,1.51E+07,0,9243965.457,5453122.035,0,
135,448.1788849,5.036290392,5.41E+07,6.86E+07,2574534.279,4.66E+07,3.05E+07,0,
136,753.2243042,1.197339367,8578779.645,7399472.109,0,3748668.18,2938819.239,0,
137,951.3868484,5.084707556,3.45E+07,5.92E+07,0,5.85E+07,2.36E+07,0,
138,995.3509064,5.043793688,4.68E+07,3.85E+07,0,5.26E+07,7.88E+07,0,
139,365.1350708,5.830676799,2.86E+07,2.81E+07,1074862.219,2.06E+07,2.25E+07,0,
140,220.8872467,12.47527175,2.43E+07,9415320.887,2.25E+07,1.57E+07,9875432.055,0,
141,258.0077637,1.286906092,1.79E+07,3.48E+07,9.94E+07,2.44E+07,1.91E+07,0,
142,350.0983047,4.886160948,2.26E+07,1.48E+07,750033.7587,2.57E+07,0,0,
143,713.2886124,5.082524883,3.78E+07,6.05E+07,0,6.22E+07,3.00E+07,0,
144,387.163266,1.307594393,1.71E+07,1.02E+07,2.14E+07,8877873.108,2.25E+07,0,
145,310.8776672,12.44858254,3.71E+07,1.06E+07,1.78E+07,5.17E+07,5.60E+07,0,
146,792.5317322,1.442002948,2.24E+07,2.46E+07,1.04E+08,1.10E+07,6186536.682,0,
147,619.2717514,4.884281523,1.44E+07,9037543.438,0,9616263.307,3195930.737,0,
148,339.8973312,6.887678973,2.33E+07,2.73E+07,0,2.25E+07,2590065.724,0,
149,341.8942986,6.885528777,2.28E+07,2.58E+07,0,2.17E+07,2985346.437,0,
150,127.0038118,2.109379926,1.52E+07,1.04E+07,0,9192453.826,9062288.313,0,
151,295.8867378,6.264829038,2.04E+07,2.22E+07,2.75E+07,1.65E+07,0,0,
152,313.0177612,1.091618062,1.09E+07,1.06E+07,4.20E+08,7042165.001,9094981.149,0,
153,313.0799484,1.454079606,1.85E+07,1.31E+07,0,7415710.359,1.41E+07,0,
154,190.0544167,5.565628959,1.39E+07,1.60E+07,0,1.48E+07,7275697.107,0,
155,585.2874603,4.91017833,1.57E+07,1.13E+07,0,1.41E+07,4150375.937,0,
156,397.0029411,1.246504376,6628223.695,8325833.095,2.51E+08,1917654.126,0,0,
157,292.8876312,6.278148232,1.78E+07,1.95E+07,2.32E+07,1.46E+07,1663050.027,0,
158,218.1187172,1.115308017,1.53E+07,1.25E+07,0,1.09E+07,1.27E+07,0,
159,351.1016769,5.237688019,1.68E+07,1.60E+07,0,2.33E+07,2.09E+07,0,
160,240.9813347,1.264384126,1.09E+07,1.22E+07,0,8901566.505,8662941.914,0,
161,345.087148,2.091820081,2.16E+07,0,0,2.03E+07,1.29E+07,0,
162,132.8679759,1.116207298,5.72E+07,3.76E+07,0,1.39E+08,0,0,
163,428.1129684,1.199743672,1.09E+07,1.09E+07,0,9229332.676,1697548.552,0,
164,121.0408142,2.234497459,1.43E+07,1.96E+07,3768401.149,9976036.306,2.44E+07,0,
165,187.0724716,7.015758943,1.48E+07,2.10E+07,0,2.20E+07,1.86E+07,0,
166,319.059166,2.313615659,4.79E+07,2.84E+07,0,3.66E+07,3.55E+07,0,
167,686.2695465,1.262235322,1.18E+07,1.63E+07,0,2.64E+07,4.03E+07,0,
168,167.8367666,1.334980441,2.60E+07,2.57E+07,0,4.85E+07,0,0,
169,552.2206573,4.953353938,2.71E+07,2.41E+07,0,2.53E+07,3.78E+07,0,
170,293.175943,1.152251903,9364172.651,1.80E+07,1.76E+07,1.52E+07,2.09E+07,0,
171,226.0180035,1.316260937,6369732.034,5779026.721,5.39E+08,0,1988051.005,0,
172,248.1657448,1.082584501,1.09E+07,6553337.388,0,6170481.416,7801880.653,0,
173,314.1013428,5.597246148,2.43E+07,3.82E+07,1067048.228,4.27E+07,1.42E+07,0,
174,236.092907,4.711651447,3.66E+07,4.37E+07,0,4.44E+07,3.65E+07,0,
175,273.12463,5.242013386,1.39E+07,1.59E+07,0,1.73E+07,1.43E+07,0,
176,342.9117157,6.659392913,1.08E+07,5765974.336,5833199.67,6879428.436,4435446.125,0,
177,144.0302902,5.230138317,2.21E+07,2.25E+07,6477625.664,3.62E+07,1.54E+07,0,
178,260.8797974,12.47002499,1.92E+07,6867978.156,1.52E+07,1.47E+07,1.00E+07,0,
179,362.1008484,4.880614306,2.56E+07,2.24E+07,427837.2771,3.02E+07,2.43E+07,0,
180,685.2007243,5.530373605,3.72E+07,7.44E+07,0,5.81E+07,0,0,
181,384.08284,4.8428349,2.80E+07,2.34E+07,310526.2371,2.98E+07,0,0,
182,296.0962448,1.151998964,7956000.079,4558985.228,0,3460893.555,6611025.798,0,
183,449.0085182,1.57739978,1.58E+07,1.31E+07,0,1.37E+07,1.93E+07,0,
184,182.9886703,1.55919726,7.99E+07,8.52E+07,7.12E+07,7.68E+07,0,0,
185,147.0452423,4.903058009,1.41E+07,1.65E+07,1.06E+07,1.24E+07,1.80E+07,0,
186,381.145401,1.123951092,9509387.01,1.14E+07,0,8474176.972,6361238.254,0,
187,208.9346619,6.365924532,3.19E+07,4.92E+07,0,2.83E+07,0,0,
188,481.034668,1.1997484,1.09E+07,8962793.021,0,1.05E+07,1.56E+07,0,
189,846.5858643,1.426460015,1.45E+07,2.13E+07,1.27E+08,5577736.327,2392720.207,0,
190,317.0320358,5.261409901,4.06E+07,2.76E+07,0,4.46E+07,2.03E+08,0,
191,313.1195496,2.171271355,1.02E+07,1.79E+07,2.83E+07,2.87E+07,1.45E+07,0,
192,689.172081,1.57739978,8304410.532,7807273.786,0,3737428.151,1472574.919,0,
193,188.035347,1.908146156,1.32E+07,1.17E+07,0,1.11E+07,7034798.993,0,
194,321.0915833,2.168217275,9704460.736,7931805.453,0,1.00E+07,6508931.321,0,
195,365.0704308,1.471356085,1.73E+07,1.50E+07,0,1.40E+07,1.77E+07,0,
196,324.0856934,4.03511258,1.89E+07,1.57E+07,0,1.57E+07,9627994.441,0,
197,350.8696594,12.43041739,2.71E+07,7884297.461,1.27E+07,4.30E+07,4.97E+07,0,
198,246.0573006,5.811052681,6.01E+07,0,0,6.97E+07,6.57E+07,2359370.09,
199,228.1269875,5.22046543,1.40E+07,1.81E+07,0,1.79E+07,2.81E+07,0,
200,387.0993576,1.197339367,7989655.182,8299310.663,0,4579922.393,1.48E+07,0,
201,519.153862,5.136382484,3.66E+07,3.07E+07,0,3.18E+07,1.33E+08,0,
202,326.8516663,12.46652309,1.67E+07,5547488.984,1.14E+07,1.48E+07,1.10E+07,0,
203,193.0868492,1.223469555,7364112.55,7032501.299,0,3779059.848,3.02E+07,0,
204,143.1078308,1.369597996,8632274.601,9526251.042,1.85E+07,4718971.188,2.35E+07,0,
205,225.0646011,5.698255569,1.41E+07,1.63E+07,2.03E+07,8852260.151,1.95E+07,0,
206,342.0794067,1.754466763,1.61E+07,8746874.299,0,1.09E+07,7680278.117,0,
207,167.8367996,3.469893212,5.72E+07,3.93E+07,0,0,0,0,
208,160.0615559,6.666625671,7687286.497,1.11E+07,0,1.17E+07,1.04E+07,0,
209,345.1259117,2.742921802,2.37E+07,3.01E+07,0,1.50E+07,2149711.206,0,
210,312.1567383,2.225295884,1.63E+07,1.69E+07,0,2.38E+07,1.14E+07,0,
211,416.8415131,12.42338815,2.26E+07,6348857.709,1.04E+07,3.80E+07,4.79E+07,0,
212,178.9340271,12.46120484,2.11E+07,7036540.697,1.29E+07,2.28E+07,2.04E+07,0,
213,901.3842957,1.273186076,4868623.301,2922391.915,8.17E+07,1774558.295,1400220.68,0,
214,293.0853958,1.173598238,6604586.711,5866184.604,0,4116181.685,7428107.381,0,
215,267.0657196,4.61773546,3.06E+07,4.24E+07,0,4.06E+07,3.12E+07,0,
216,203.0204987,7.130893103,1.07E+07,1.68E+07,3158643.145,3.19E+07,4.25E+07,0,
217,340.9108368,6.661119682,4249147.932,3297841.495,4121211.314,4748811.713,2990975.327,0,
218,134.8653056,1.12817297,4.44E+07,2.86E+07,2.04E+07,0,0,0,
219,207.0363388,7.134374745,1.10E+07,1.62E+07,3336322.668,2.50E+07,4.36E+07,0,
220,353.0083313,5.259255273,2.94E+07,8000206.398,0,4.37E+07,1.64E+08,0,
221,250.0544758,1.137119501,1.42E+07,1.33E+07,0,8563584.656,2.42E+07,0,
222,629.1560669,2.188336869,1.08E+07,5768151.613,0,6829558.955,2612620.468,0,
223,230.0394882,7.153561669,1.07E+07,1.54E+07,7870383.756,1.25E+07,5274619.29,0,
224,341.117218,1.400106602,5663207.702,7000637.727,0,6206106.867,1.64E+07,0,
225,217.0176224,1.174701743,5265372.749,5450993.549,3.09E+08,3475936.348,3328867.265,0,
226,299.06604,5.233397543,3.22E+07,2.64E+07,0,2.54E+07,1.37E+08,0,
227,261.0412811,5.699989718,1.17E+07,1.11E+07,1.23E+07,9839137.176,1.80E+07,0,
228,268.8010101,6.512118718,3.63E+07,0,0,6.18E+07,0,0,
229,657.1441447,1.104667415,4489057.951,4290557.416,0,1983341.904,0,0,
230,314.0892578,2.064963218,2.46E+07,2.67E+07,1.89E+07,2.87E+07,4.10E+07,0,
231,383.0648102,6.975065402,7157351.82,7167730.155,5953957.401,3247972.997,6544544.526,0,
232,507.1563034,1.460543034,1.10E+07,6905376.675,0,4179712.346,4964299.552,0,
233,276.0620483,4.274986952,1.38E+07,1.39E+07,1304785.427,2.38E+07,2.92E+07,0,
234,238.0252884,6.328540635,8753148.636,9718375.083,4454000.989,1.23E+07,2.56E+07,0,
235,409.0927544,2.174884513,9389004.282,6833828.47,0,6819381.489,4205651.56,0,
236,163.1128662,1.643069628,8885200.216,7407182.012,2.65E+07,4988976.554,1.22E+07,0,
237,575.1139221,1.231655399,3511669.34,3872277.89,0,1655329.741,0,0,
238,739.2799683,1.275913342,3118962.257,0,5.87E+07,0,0,0,
239,158.0281219,1.199745272,6570032.675,5449642.715,0,4136779.471,6640847.724,0,
240,169.8341064,1.922383932,3.78E+07,2.42E+07,0,6.50E+07,0,0,
241,333.1456947,1.139053831,6454274.322,7659703.555,0,6785685.843,5185973.002,0,
242,611.1825638,5.235545682,8828717.521,8614774.393,0,1.18E+07,1.86E+07,0,
243,251.0708046,4.753065988,1.84E+07,2.49E+07,0,2.12E+07,2.85E+07,0,
244,249.0703945,1.607988501,1.25E+07,6596434.007,0,4899315.347,8806448.556,0,
245,329.096817,7.017881268,8654120.196,1.13E+07,0,1.26E+07,1.50E+07,0,
246,329.1206398,4.925260806,1.12E+07,8824926.602,0,1.43E+07,9804670.416,0,
247,127.0513992,7.139599112,9546165.309,1.94E+07,4952045.243,2.21E+07,1.90E+07,0,
248,116.9596642,12.47355814,1.52E+07,5878197.304,1.27E+07,1.17E+07,9255188.673,0,
249,174.056073,1.725511636,8203714.281,1.64E+07,1.75E+07,1.72E+07,1.65E+07,0,
250,540.1810913,1.123948452,6751751.635,5897125.486,0,3825194.625,3508322.999,0,
251,373.0834732,5.244166751,9130836.36,8473634.632,0,9311436.69,1.84E+07,0,
252,167.8367996,3.069067485,3.23E+07,2.43E+07,0,0,0,0,
253,355.135553,4.894373816,1.11E+07,1.18E+07,995669.1517,5349163.784,1294645.629,0,
254,307.0139404,1.112563502,4954436.346,2530908.016,1.68E+08,2942695.912,6602861.87,0,
255,236.0331707,3.786926318,1.59E+07,1.51E+07,0,1.08E+07,5859092.393,0,
256,166.0508728,2.732053626,1.43E+07,1.15E+07,0,1.61E+07,1.05E+07,0,
257,359.1191528,6.926451316,1.25E+07,1.98E+07,1017412.604,1.47E+07,2.32E+07,0,
258,336.0833771,5.604157442,1.53E+07,1.64E+07,552936.5201,2.55E+07,3.23E+07,0,
259,413.0317459,4.639512477,1.04E+07,1.06E+07,0,1.61E+07,3.07E+07,0,
260,174.839592,5.319414167,2.67E+07,0,0,2.45E+07,0,0,
261,141.0169312,6.938741787,1.56E+07,1.72E+07,2680503.07,1.76E+07,2.79E+07,0,
262,366.843634,12.46463621,1.24E+07,3943990.974,7481846.329,1.27E+07,1.03E+07,0,
263,313.1130768,7.132644232,5546914.359,1.96E+07,1201805.43,1.94E+07,8131592.451,0,
264,286.0844299,5.038300696,2.37E+07,2.44E+07,1046961.119,1.93E+07,6.24E+07,0,
265,222.0771942,6.400830822,8077717.485,1.15E+07,0,5863297.722,3399101.282,0,
266,199.170314,1.191965492,5370025.83,4838013.414,1.37E+07,2153546.331,9859175.461,0,
267,401.1117554,5.752201542,1.54E+07,1.77E+07,165383.7655,1.50E+07,1.50E+07,0,
268,172.8424644,5.332459442,2.49E+07,0,0,2.24E+07,0,0,
269,771.2509257,12.11077398,7707100.14,8315404.081,9571976.998,9688481.724,1.18E+07,7.63E+07,
270,230.8012848,6.538213223,2.25E+07,2.30E+07,0,1.19E+07,1484009.769,0,
271,336.9139954,6.659392913,3306649.182,2895248.526,3210282.012,3847221.534,2285678.758,0,
272,388.115506,5.169288369,1.28E+07,1.46E+07,756215.5601,1.33E+07,2.85E+07,0,
273,740.3245544,1.255659899,2414855.124,0,0,3362949.523,7934884.992,0,
274,815.2107849,4.970541794,1.68E+07,3760908.118,0,0,9.49E+07,0,
275,169.8340607,4.391528804,5.25E+07,5.02E+07,2.73E+07,0,0,0,
276,216.1030521,1.113152113,5282896.834,4496587.461,0,3931435.263,4010990.424,0,
277,390.0225143,5.554587605,4795974.085,8444469.652,152429.3758,1953664.55,0,0,
278,284.0786133,1.110983976,4640113.212,4315349.262,0,3799458.071,3771713.806,0,
279,350.0654175,2.075393569,1.68E+07,1.59E+07,8319356.449,2.06E+07,2.49E+07,0,
280,234.8022995,6.536054139,1.75E+07,1.19E+07,0,9847857.2,1132616.1,0,
281,167.8367691,2.400598952,3.11E+07,2.91E+07,0,0,0,0,
282,540.1499329,1.758874435,1.15E+07,1.64E+07,0,1.54E+07,1.26E+07,0,
283,229.1444855,1.181596658,4309500.397,4168326.649,8459864.713,2137486.725,1.01E+07,0,
284,432.8155792,12.45397947,1.10E+07,3501119.821,6276255.497,1.24E+07,1.12E+07,0,
285,252.0281582,3.533933038,1.56E+07,9622090.667,0,6194824.034,5588727.936,0,
286,118.0411995,2.912325629,1.02E+07,9692814.584,654097.5844,8305763.342,6332586.013,0,
287,365.0729637,7.007000643,7126005.619,8919973.486,0,1.67E+07,2.00E+07,0,
288,257.0434326,3.922232012,1.76E+07,1.53E+07,7774103.899,1.57E+07,1.02E+07,0,
289,584.3570923,1.881345047,9101225.3,1.21E+07,1.63E+08,3363381.7,3401770.914,0,
290,167.8368073,1.863595009,3.01E+07,0,0,4.93E+07,0,0,
291,153.016925,6.93872718,1.48E+07,1.68E+07,1890920.223,1.55E+07,2.39E+07,0,
292,204.0641998,4.901276506,5511021.339,5183187.907,3545767.977,5365463.121,1.79E+07,0,
293,516.223175,5.596999898,1522618.4,4924847.624,0,2440859.801,0,0,
294,616.2933411,1.865628979,8616820.343,8982298.305,1.49E+07,5789990.336,1679988.369,0,
295,588.2614136,1.993087105,9828702.645,9682647.14,2.48E+07,5837342.842,3739677.28,0,
296,372.0474579,2.087576389,1.49E+07,1.94E+07,3991706.471,1.32E+07,1.97E+07,0,
297,973.3691177,5.104045589,1.04E+07,1.27E+07,0,1.62E+07,1.36E+07,0,
298,400.0777969,6.376989693,9348069.721,9758182.138,0,1.14E+07,1.51E+07,0,
299,232.8013626,6.554877006,1.34E+07,1.20E+07,5135710.876,8123345.365,653699.99,0,
300,200.0564175,6.318282952,4781784.952,1.28E+07,0,1.04E+07,2241792.505,0,
301,266.8039551,6.550498381,2.16E+07,0,1.54E+07,0,1.69E+08,0,
302,906.684021,12.07020157,4702912.725,0,0,1.28E+07,0,0,
303,658.2384186,1.262276155,3171475.739,2837436.739,0,5215441.155,1.57E+07,0,
304,405.1738617,1.098493943,7006298.944,5746173.152,4.47E+07,3782618.59,9627083.473,0,
305,198.8923442,0.273401581,2.98E+07,0,1.98E+07,4.49E+07,0,0,
306,171.8315684,2.639522288,2.47E+07,2.20E+07,3.23E+07,0,0,0,
307,246.1501198,1.078250576,4137056.719,2626486.116,0,2400877.602,2883315.384,0,
308,295.2277161,1.179865909,4060986.643,4557459.613,1.18E+08,1929700.941,5942709.93,0,
309,456.8341034,12.41988544,1.13E+07,3327824.406,5350073.792,1.99E+07,2.73E+07,0,
310,298.1144043,6.791174433,5236566.457,8341839.815,2.22E+07,4495325.815,1.29E+07,0,
311,171.8315989,1.928297175,2.21E+07,1.42E+07,0,4.08E+07,0,0,
312,154.0146809,2.679689809,6892205.681,4754216.81,0,5344845.926,4873995.801,0,
313,554.3025269,1.942388926,6908369.233,9166046.305,9.41E+07,3890024.199,5557707.038,0,
314,653.2057266,1.81375156,1.11E+07,5387947.861,0,6702287.69,4157040.264,0,
315,261.0593506,6.93181078,7038241.286,9297715.31,271602.1241,8262884.589,8444627.753,0,
316,163.0400665,6.330269609,4985730.701,6883813.781,2765241.765,7102454.09,8055674.339,0,
317,301.2173859,1.223238406,4399011.537,4303190.243,8.44E+07,2162221.015,8938778.782,0,
318,266.0882751,7.144773052,5737823.957,7432459.595,521643.4822,7997087.223,7959534.846,0,
319,509.9713949,1.045312709,3630655.439,0,0,2331452.052,2812830.381,0,
320,844.5693207,1.42953805,4581384.677,5419290.477,3.59E+07,944731.8528,0,0,
321,302.0793793,5.003123725,1.60E+07,1.83E+07,904677.6459,1.29E+07,4.86E+07,0,
322,232.9247055,6.42747536,1.39E+07,2.04E+07,2.09E+07,1.25E+07,0,0,
323,259.816095,6.824090579,9761785.388,8955325.483,1956685.471,9418080.134,955789.1691,0,
324,345.1816788,1.067404548,2877754.678,2639914.754,0,1639430.709,1143012.752,0,
325,311.2957275,1.117754692,3465729.587,5322696.228,1.02E+07,2901748.565,4420267.502,0,
326,906.6851349,12.12014596,4289199.151,3975575.953,3978100.292,0,1.83E+07,0,
327,292.0610352,2.635790051,6628389.684,1.90E+07,0,2.59E+07,1.53E+07,0,
328,298.1297531,6.407331121,4757405.626,6660202.566,0,3406028.243,2039563.067,0,
329,473.282312,1.029220092,3173242.333,2808129.493,1.01E+07,1539913.341,1783978.804,0,
330,421.2263062,1.030951672,3307148.605,3491340.092,2114412.692,2336674.515,4233364.696,0,
331,136.8631643,1.124834526,1.77E+07,1.21E+07,0,4.31E+07,0,0,
332,165.0404689,6.541741715,6694567.336,0,0,1.80E+07,1.67E+07,0,
333,293.212323,1.190238703,3411516.559,3649172.895,1.33E+08,1788032.352,5200412.758,0,
334,279.0390594,4.630248399,5617207.885,4196005.757,1.65E+08,5572307.484,1764857.377,0,
335,185.9939484,5.222798849,7058160.616,3872721.257,8256460.105,9287608.383,2.84E+07,0,
336,325.1254578,7.118635206,4984193.842,9674392.563,666831.0807,9799162.131,3372801.741,0,
337,755.3617859,1.012159547,2948020.669,568345.489,4010739.411,742597.3975,0,0,
338,816.5344391,1.426150631,4692284.261,3185931.38,2.59E+07,0,668279.7576,0,
339,286.9120331,6.484686383,1.36E+07,2.03E+07,2.17E+07,1.18E+07,797527.3391,0,
340,164.0353699,3.738452964,8459981.408,1.10E+07,0,7778312.704,5233876.062,0,
341,417.1795654,4.890056965,1.62E+07,1.40E+07,0,2.10E+07,0,0,
342,486.9989868,6.697715072,8605976.65,1.16E+07,1960979.033,9946018.689,419134.5797,0,
343,293.1793274,1.039625219,2951033.355,3899786.979,5169110.007,2480464.92,6078538.275,0,
344,209.0818619,1.15056774,3815762.597,7204263.311,3.86E+07,5602716.098,2.38E+07,0,
345,309.1738678,1.046568793,3059642.812,2994697.009,4755322.348,2999061.996,8635738.136,0,
346,273.0081879,7.137865206,5293602.946,6685541.46,1898092.417,1.14E+07,2.80E+07,0,
347,582.2279663,1.050054076,3184065.915,2709334.186,0,1481235.021,1231310.964,0,
348,180.8558731,6.453966819,3286552.649,1.48E+07,1.49E+07,1.90E+07,5346142.244,0,
349,303.2331329,1.129839109,2925719.384,3352372.609,1.11E+08,1262417.684,2996042.117,0,
350,408.0573692,4.892925181,2757791.337,1875439.481,0,5113643.618,1.50E+07,0,
351,241.0724449,2.019007058,7222118.769,0,1359913.753,8012968.642,1.78E+07,0,
352,136.8631643,3.148735809,1.96E+07,1.77E+07,1.22E+07,0,0,0,
353,613.0891342,4.940426701,5413986.646,2407008.003,0,5402879.671,7.55E+07,0,
354,236.0331764,2.600841243,5470373.312,9182880.311,0,8686244.799,4035506.801,0,
355,184.0727982,4.752486262,4909487.484,9762415.16,2184241.758,1.49E+07,2509404.395,0,
356,249.061882,6.54970942,4390575.692,9627012.389,430190.3593,9081447.896,4015653.463,0,
357,358.8969879,6.288662259,4442057.434,5492189.414,2669940.736,3983981.571,0,0,
358,269.9610519,2.550534935,5021543.087,5083330.252,0,2503790.616,1460346.423,0,
359,417.1795044,3.214154316,2.16E+07,0,1.49E+07,0,0,0,
360,225.0024826,7.134344182,4354895.829,5852895.848,1105215.602,1.29E+07,2.37E+07,0,
361,251.0674576,4.19965232,5542342.153,7861711.925,1.61E+07,7039533.783,2260229.49,0,
362,381.1010742,6.935213317,5618235.346,7685476.361,0,7211841.045,7172523.319,0,
363,222.0304169,4.889193753,3500253.088,2732374.617,2940573.791,5168045.094,1.64E+07,0,
364,157.0618988,4.759497646,4492756.197,8234342.439,1868782.248,1.35E+07,2292565.463,0,
365,227.9973526,2.714604447,5784745.015,4615427.304,0,3830796.84,4524250.582,0,
366,267.2329773,1.136745776,2731959.952,3451550.193,3.55E+07,1327696.62,4124162.517,0,
367,214.0488243,6.516009423,8446419.943,1.13E+07,0,7095253.546,3011736.314,0,
368,146.0823269,4.258968322,5882473.256,7006261.628,0,8523022.567,4749212.262,0,
369,307.9841064,2.124202142,3391988.316,3523830.749,4588002.197,2884197.965,4629759.332,0,
370,173.104422,10.38175812,8167718.295,2.05E+07,1.53E+07,2.43E+07,1.85E+07,0,
371,178.815242,5.570957015,4683007.737,5973620.73,2.60E+07,7539673.482,3205113.103,0,
372,319.2279701,1.142760034,2189178.125,2262568.044,1.54E+08,1231058.147,0,0,
373,342.8251068,12.47695514,4368453.6,1826771.612,4900870.095,2392057.751,1175795.643,0,
374,104.0354284,7.383653631,4734415.789,0,0,1.17E+07,9113288.44,0,
375,150.0173157,5.203837542,6829054.996,5986391.716,7388825.982,6197377.924,2.10E+07,0,
376,219.8452255,6.824069289,7940648.562,7075049.145,1372079.437,6604790.935,751562.0332,0,
377,218.0459442,1.725511636,3431102.816,6470502.042,8050240.006,8105778.73,6508180.085,0,
378,374.9903488,5.287334409,4495518.203,2241669.395,0,6842093.798,6.20E+07,0,
379,258.8480225,0.293881391,2.21E+07,0,1.47E+07,0,0,0,
380,447.1340393,1.135007963,2562404.447,3285880.866,2.42E+07,3121761.474,1.21E+07,0,
381,263.0708694,2.83884713,6898316.091,8917777.066,0,1.07E+07,1.24E+07,0,
382,335.1574707,8.08615881,4655960.891,5983005.382,240924.1469,0,6089799.939,0,
383,128.9725723,6.938707839,9933856.818,9384834.397,1656473.798,1.41E+07,2.82E+07,0,
384,448.7896027,12.46288651,4296630.928,1640915.286,3657663.143,2870262.02,1851597.039,0,
385,472.8080475,12.45202435,6219742.224,1871836.968,3277636.388,7956634.66,7479775.876,0,
386,182.9312363,12.47176068,6852113.685,2338795.624,3256647.664,6729829.123,5924805.796,0,
387,382.8176178,12.46806695,4034048.504,1601445.446,3865082.216,2564275.02,1444320.417,0,
388,136.8631439,2.697883026,1.82E+07,1.55E+07,1.13E+07,0,0,0,
389,484.9985962,6.698205799,5825128.202,8615287.738,1371198.318,6955606.998,0,0,
390,234.8022512,4.333019404,8982281.317,7239204.866,0,1.18E+07,0,0,
391,312.092453,5.556950625,3145594.631,4116298.581,0,3530602.82,1720116.027,0,
392,417.1795502,6.334132092,6583956.007,9589311.657,0,6062916.248,0,0,
393,252.0878563,6.281456122,6322680.947,1.12E+07,0,9946373.617,7137706.09,0,
394,437.2138481,4.261143898,3209378.751,7184427.363,0,4173950.702,586358.6847,0,
395,437.14617,1.029213085,2026172.483,1451236.113,3126821.138,989212.3462,2493998.524,0,
396,228.0433868,2.122483995,3156950.632,2476982.308,1.61E+07,3283178.297,4044253.968,0,
397,577.1124954,5.248465635,4143871.073,1494974.944,0,3267760.764,4.62E+07,0,
398,522.8060303,12.39099964,6745375.704,1840839.201,0,0,1.86E+07,0,
399,329.0927429,2.526923386,9593602.403,0,0,7746918.147,1696176.406,0,
400,470.9904366,4.632974827,3637418.702,3274385.662,0,5959027.391,1.38E+07,0,
401,341.1199265,5.628667722,5996268.6,1.56E+07,379768.9438,4569212.844,0,0,
402,144.0456024,2.244948039,3957028.305,4577069.976,1738093.89,2820654.124,3327063.789,0,
403,313.0007446,7.144852626,3741737.504,3930785.287,939957.1754,7137059.331,2.54E+07,0,
404,109.0295792,1.518075373,1401356.401,1552053.785,4.35E+07,1044739.334,843185.2142,0,
405,396.0866343,4.618801954,3242045.156,8548999.983,0,2106718.818,0,0,
406,202.0485733,6.314534072,2917438.371,2926969.763,999723.8938,4812125.861,1.86E+07,0,
407,262.8716827,12.43071124,7572051.688,2301301.558,3349637.922,1.02E+07,1.12E+07,0,
408,365.0373001,5.259256101,2810459.091,1861738.735,0,1996581.667,4.85E+07,0,
409,230.0670891,3.687658423,5688930.526,6519504.185,0,5203136.359,3471513.406,0,
410,276.8537231,12.47519298,3201915.381,1469308.646,4247494.308,1506436.068,642030.1246,0,
411,138.05616,2.747487659,5743580.718,4850704.735,0,6580687.922,4271215.442,0,
412,199.0070915,1.207728737,1538090.595,1607418.969,4.16E+07,1019574.686,0,0,
413,249.1861008,1.16261539,1551121.235,1653313.097,4.61E+07,661957.9989,1613617.554,0,
414,410.9671509,4.943534296,2204010.834,955217.1949,1131801.908,4109394.361,5.03E+07,0,
415,266.0316811,1.056558209,1648249.49,2476282.048,0,1349682.372,3538023.912,0,
416,220.0383167,2.050588696,2330601.291,4382655.357,0,2655901.906,3989593.553,0,
417,210.8423615,6.533474692,1.12E+07,7716188.191,7995819.965,1.79E+07,8.86E+07,0,
418,562.7986084,12.41291771,4715637.791,1349274.987,2295925.322,8690303.794,1.33E+07,0,
419,154.9155579,12.49482827,3563748.344,1483333.737,0,0,0,0,
420,234.8022512,4.333019404,8982281.317,7239204.866,0,1.18E+07,0,0,
421,737.5371643,1.630929973,4356889.958,9139271.66,3.46E+07,4864762.123,692066.5727,0,
422,628.7703857,12.37737154,5394094.987,1526840.308,0,1.01E+07,1.64E+07,0,
423,322.0772018,4.252015027,4831998.725,6194030.085,0,5221585.958,882111.9608,0,
424,220.065012,5.428373276,5151396.772,9533257.792,0,8889013.835,3456853.665,0,
425,302.8644958,12.42891063,6105269.878,1815327.091,2618991.925,9138672.9,1.06E+07,0,
426,424.0311432,7.020508969,5452634.815,6532656.262,5695104.091,5774446.809,4796164.085,0,
427,231.0333435,1.116019179,1333260.449,1245810.091,1.19E+08,812288.5663,590082.3252,0,
428,105.9895325,8.424442967,1.98E+07,0,0,0,9637532.415,0,
429,222.8853989,12.47705401,3268065.367,1297018.352,3146721.036,2151515.304,1181272.229,0,
430,381.9590963,4.248095571,3485159.368,4428388.493,0,2728172.85,0,0,
431,790.5158005,1.446782457,2099968.736,1946229.391,1.25E+07,582150.6412,0,0,
432,236.8612747,12.4853382,2581739.115,1314178.257,4214888.707,879724.065,0,0,
433,208.8452587,6.522546276,8254440.052,5328455.421,6045626.502,0,6.55E+07,0,
434,334.0208496,4.269592886,3004003.463,3174994.292,124543.9154,4806363.566,8623629.231,0,
435,338.0626144,6.675612317,1842869.623,2335315.066,0,3983074.05,4801361.379,0,
436,465.3040741,1.037895166,1411728.542,1801889.052,2.42E+07,664676.9918,1025530.78,0,
437,232.801356,6.201086836,2068876.487,4489742.186,1.49E+07,0,0,0,
438,342.0964012,5.533075669,2896245.691,8323870.185,0,8626596.181,8946818.628,0,
439,241.7580154,5.583174749,2254930.395,2447297.66,5.86E+07,1367034.583,430228.2229,0,
440,407.1222153,2.112897583,1417310.679,1220852.24,1.92E+07,850280.8659,0,0,
441,400.111557,4.545236992,6046449.305,1.11E+07,0,1.13E+07,1.08E+07,0,
442,271.2280159,1.204061612,2434218.716,1366781.256,3.76E+07,0,3510744.026,0,
443,130.0924187,5.419709846,1281661.912,1491916.219,0,1288046.025,2265477.756,0,
444,180.0300236,3.570645421,3963616.119,7253123.297,3.55E+07,5594366.813,0,0,
445,215.0018412,1.25764277,1147753.73,0,3.29E+07,580178.7549,0,0,
446,251.1071663,4.450164581,3130575.251,4404576.307,0,4353946.868,5591414.614,0,
447,105.0194481,6.109195162,2552663.59,2710623.727,2.81E+07,3581635.953,4166107.616,0,
448,143.9157359,7.2021463,9289299.431,1.05E+07,0,1.45E+07,0,0,
449,272.7951431,6.53967761,6986073.333,0,5506383.935,1.34E+07,5.77E+07,0,
450,218.9499954,6.923029302,5187433.316,3955903.818,477657.5162,4962687.397,2.10E+07,0,
451,176.8173485,5.598119988,2769620.552,2928634.483,1.55E+07,3149113.194,0,0,
452,282.0628662,1.106667443,1403337.534,878649.8208,0,943756.5129,1087548.281,0,
453,115.0401894,1.788431493,1626266.669,1488255.671,5.72E+07,1148787.785,3584195.767,0,
454,498.2890727,1.379310075,668217.7383,0,1.07E+08,0,1430695.934,0,
455,143.9157028,8.446293468,1.25E+07,0,0,0,2.35E+07,0,
456,193.090601,1.152007719,863783.0805,2191685.641,0,664361.8661,1334576.564,0,
457,240.0854607,4.263314022,2297043.148,3427748.446,0,2556556.501,5722588.106,0,
458,309.1715469,1.128259671,1106513.22,2285903.67,0,1606330.802,1856874.978,0,
459,123.0452347,7.818170409,8058144.832,0,0,2.03E+07,0,0,
460,248.8377762,5.775967652,5899866.937,0,0,0,8.27E+07,0,
461,143.9157257,7.70845121,1.15E+07,9415676.207,0,0,0,0,
462,268.8760742,6.140759928,2325219.167,3466291.378,2.77E+07,2636150.894,1242497.223,0,
463,123.0452487,8.47727841,9291173.97,9971255.118,0,0,6.34E+07,0,
464,102.9569382,6.933495759,5409735.265,4103569.37,797321.0966,6979522.39,3.04E+07,0,
465,188.0459957,5.417539534,2175215.521,1664200.634,0,2704530.456,1.49E+07,0,
466,275.2017784,1.154486398,1205670.409,1346828.244,4.46E+07,0,1208908.305,0,
467,178.8441639,5.561089679,2179366.765,3070144.194,1.43E+08,699897.0743,0,0,
468,154.8807945,6.496457814,7870333.474,5403697.142,5347737.227,0,5.13E+07,0,
469,330.9669556,7.146544938,1987418.788,1882605.519,490920.9634,4672431.99,1.62E+07,0,
470,264.9950256,7.136115385,1812739.938,2035716.777,385107.7831,4824025.951,1.27E+07,0,
471,514.2844421,1.849609929,2357799.083,2416534.326,1.14E+08,1756457.64,1850652.316,0,
472,200.0329514,2.209744836,1698058.569,1821422.403,3.04E+07,1137909.738,2412390.881,0,
473,243.7552433,5.550187004,1391347.411,1606262.011,3.75E+07,822860.6827,0,0,
474,160.9494034,12.47528775,2424152.849,963349.0576,2328099.118,1740380.174,1393911.966,0,
475,173.056781,5.973412443,1322438.306,3051217.485,973732.0199,2339086.981,832644.7669,0,
476,614.278862,1.887687351,983201.4897,0,3088780.811,400480.6639,715679.882,0,
477,172.036211,6.775074646,1258844.179,2417180.386,0,3399703.61,3163182.53,0,
478,233.0568985,4.199602487,2046116.615,3147930.764,6018497.92,2491512.93,666727.9818,0,
479,378.9719086,7.150077536,1712118.761,1677987.625,528772.114,3301047.829,1.66E+07,0,
480,317.212307,1.160020631,682313.7984,854674.0274,5.83E+07,382196.8931,0,0,
481,335.095105,7.134374745,1055460.675,3467298.263,178189.6788,4841696.497,3443421.846,0,
482,333.1896057,1.062169333,790128.8097,1155714.977,1.02E+07,697228.1349,1166344.113,0,
483,580.3257385,1.935428322,1539904.121,2525300.214,5.76E+07,473596.7094,2004368.922,0,
484,227.9973202,1.481567593,774125.9512,361449.6861,5.93E+07,558899.8542,0,0,
485,146.908474,2.210216129,4048690.579,0,1.47E+07,2074598.915,6813130.252,0,
486,224.9063736,8.828733318,1636491.893,1968714.439,5293227.005,3865811.721,9668642.563,0,
487,130.0663361,1.722033009,1343700.176,2877485.437,3148529.329,2738382.631,2720422.04,0,
488,213.0227661,1.140594372,619045.2189,637215.7099,4.23E+07,437768.4413,0,0,
489,385.1396713,2.119056759,2859924.457,2564389.724,2.33E+07,0,2809478.481,0,
490,262.8771248,6.1234122,1239811.586,2062625.919,1.71E+07,1554298.082,0,0,
491,116.0506836,5.712151423,1757747.28,2315282.592,2797912.392,1293563.715,1565265.84,0,
492,340.8396088,10.93206541,2254865.291,2701741.155,2205920.804,2607495.387,2823898.443,0,
493,653.3013184,1.036167215,712102.5022,557211.2072,2.38E+07,1300046.927,4925284.735,0,
494,397.1784325,1.633142695,1373474.053,1451063.143,8.52E+07,969496.257,0,0,
495,329.2488098,1.123332745,562795.0452,710501.7334,3.41E+07,256370.667,0,0,
496,343.2851028,1.110111362,788550.8026,710597.7171,5.44E+07,411684.5415,0,0,
497,476.2781616,1.847833366,1934722.237,3154595.173,4.80E+07,1221468.928,1907058.86,0,
498,189.0129379,7.38340915,1334006.988,3169658.948,9790771.808,3103735.538,663849.9473,0,
499,239.7605553,5.545847658,1119264.792,1140957.537,3.08E+07,641012.6568,0,0,
500,603.1364899,5.172511334,705538.1985,0,0,0,2.57E+07,0,
501,131.082695,10.38826074,2641286.29,6240437.891,0,7165278.047,5647977.715,0,
502,242.013031,1.911527747,1099389.177,798371.3561,1.38E+07,710592.7035,0,0,
503,245.9842606,3.34756806,2194290.098,0,5283053.293,0,0,0,
504,341.2694061,1.102161919,839384.605,975457.1802,1.04E+07,424563.4144,1014326.64,0,
505,464.7634735,12.48980126,1159730.023,585960.041,1575270.977,424441.7836,0,0,
506,229.0176926,1.177171336,880483.9994,0,4.36E+07,374531.9461,0,0,
507,357.0764465,7.136100613,833496.289,2413458.451,172134.3233,3610327.994,3700052.711,0,
508,552.2859558,1.977489296,1868804.745,2322857.389,2.99E+07,867867.5932,1450554.905,0,
509,264.8750076,6.125590729,1154156.411,2009217.159,1.56E+07,1253941.903,0,0,
510,130.0846812,4.947292838,805637.4859,0,0,1473681.492,1325464.882,0,
511,445.0693665,2.154180175,926394.6139,595899.805,5492305.031,606387.0867,0,0,
512,211.0976639,1.067356347,699889.3007,989425.7164,7800394.642,693844.6809,1173701.112,0,
513,158.9346085,8.823460578,1332218.636,1807920.553,5757326.518,3170317.238,5596645.96,0,
514,544.3176346,1.922435334,1353322.238,1481626.202,1.31E+07,586743.5549,0,0,
515,465.0809746,2.117202867,515164.0905,510883.103,4447017.176,282140.6301,0,0,
516,199.0724426,4.621456739,1042678.641,1371937.202,1.24E+08,1874626.909,182561.6153,0,
517,187.9418701,6.121626806,1038307.83,1298264.629,8898138.439,838427.1549,423394.7323,0,
518,370.9589447,7.144783342,1335277.743,1243975.212,358641.2433,2923789.459,1.28E+07,0,
519,243.0622711,4.640680975,933365.7693,941495.6778,5.16E+07,864408.9282,448506.653,0,
520,516.3227768,2.04961155,1163617.274,1305912.328,1.48E+07,482264.464,0,0,
521,480.3096275,1.77569508,2117057.574,2744558.421,2.97E+07,860517.1383,0,0,
522,256.8222351,6.89108306,1555034.053,889319.6259,0,903461.464,0,0,
523,195.0863838,10.39013378,1680834.256,4309012.493,0,0,0,0,
524,151.8741837,5.519488049,4034878.479,0,0,883793.1968,0,0,
525,188.071701,2.740171958,1364406.839,1311300.126,6.64E+07,384872.7977,1277192.541,0,
526,212.0751266,10.89539555,4455548.513,0,0,0,2.58E+07,0,
527,763.5607834,1.617991421,1054719.015,3137535.103,1.68E+07,736066.1835,0,0,
528,157.0367775,6.412244409,839834.4175,1678963.833,7.84E+07,682491.4227,0,0,
529,138.0197479,4.44886594,2053262.178,2637289.464,253039.2114,3377043.508,1785668.576,0,
530,409.2359222,1.982718505,1247899.399,1589358.196,4.26E+07,305456.8738,676213.788,0,
531,175.0248291,3.927113805,1483065.356,1798035.748,4.75E+07,1373688.904,767920.8683,0,
532,151.0401352,1.617058629,718651.7934,585208.4971,8451167.373,274530.6947,3110018.795,0,
533,165.0557297,1.781452129,719139.7165,646314.2589,4.10E+07,571303.0482,1497735.013,0,
534,359.1683472,1.051765632,479933.3004,1711110.49,1840480.524,855702.6031,2686600.61,0,
535,347.0954987,1.05523002,485596.3783,546537.6607,9174086.814,294267.3859,807490.7802,0,
536,341.0406281,3.939374379,1214264.357,1092868.066,6.21E+07,1197132.9,1824609.262,0,
537,316.7393392,3.201511387,641487.9666,866730.5199,3561644.885,0,0,0,
538,436.2831993,1.780035327,953443.281,425866.8844,1.36E+07,131618.9921,0,0,
539,212.883194,6.195067826,838501.9949,1428485.431,1158087.784,441094.2804,0,0,
540,264.8989685,8.826869112,749178.1416,979750.2472,2280725.928,1993133.129,5646021.411,0,
541,203.046257,2.669880972,919474.8867,463742.7848,0,828169.2929,0,0,
542,222.7648824,5.544425587,343525.2764,613859.1627,2.30E+07,0,0,0,
543,437.2673988,1.874488288,957741.7042,1333196.579,1.90E+07,355124.8965,0,0,
544,556.2993622,1.981557475,374009.1832,1005858.155,8596831.586,378167.7014,0,0,
545,230.997023,1.695450562,502091.5003,492981.3322,3.33E+07,426353.6827,227829.1303,0,
546,206.7889862,5.444806024,211799.7112,0,5964475.578,0,0,0,
547,279.0991313,2.485448354,1088407.788,1298126.986,0,2172990.087,0,0,
548,129.0194906,5.296860442,527637.3205,0,1.65E+07,540585.216,0,0,
549,136.0404709,3.628294738,1256273.146,2079399.06,8347298.148,1637342.638,1092082.247,0,
550,317.1143913,2.198030163,545686.6854,432077.7454,1.50E+07,802040.6762,0,0,
551,142.9173294,5.595318746,556446.8053,704448.7179,1.74E+07,162397.5274,424216.3815,0,
552,114.9341812,1.547222442,317406.27,0,0,233289.7712,0,0,
553,370.1149841,2.208070913,424584.5054,544496.3692,2.94E+07,410572.3231,309523.7834,0,
554,344.906395,4.427097121,557082.3563,538343.6787,2455100.198,263826.0984,0,0,
555,230.012886,2.168881305,269622.9329,247837.2931,6207912.392,0,0,0,
556,528.2863953,2.026660772,630910.168,1542016.853,1.20E+07,344979.4901,6025307.43,0,
557,565.3624268,1.862946237,453054.1796,682457.9538,1.02E+07,0,0,0,
558,309.8732147,12.46093217,636502.4731,0,0,523906.6584,222334.1766,0,
559,272.0236015,1.819572026,266491.4493,293068.4312,2.94E+07,242360.2267,0,0,
560,122.972168,12.29288075,261669.3978,0,216530.1877,0,0,0,
561,578.3085022,1.983717934,395884.8075,729894.9728,1.71E+07,0,403987.5127,0,
562,484.3052877,1.026925686,230065.1385,4182592.385,6991083.46,0,0,0,
563,389.2180557,2.014721471,459032.1153,286918.1346,1.63E+07,669071.9084,0,0,
564,537.3309428,1.994523019,402107.2245,684129.0876,1.88E+07,0,0,0,
565,399.1753896,1.617645703,270713.4813,281002.8581,2.53E+07,0,0,0,
566,114.9341774,1.599421466,1076263.778,0,0,174621.2259,0,0,
567,140.919368,5.59535223,485604.1935,507422.4732,1.58E+07,227604.9166,304497.9797,0,
568,245.7525024,5.484239257,237996.0013,0,1.01E+07,0,0,0,
569,114.9341679,2.071914326,1971526.98,0,570727.7319,0,0,0,
570,180.8635845,6.525872864,178766.5574,263222.225,120794.34,286668.1814,0,0,
571,502.270565,2.103872505,379020.6173,482485.1325,1.17E+07,0,321809.7121,0,
572,194.0458628,4.591145131,232847.6088,0,2.60E+07,452938.629,0,0,
573,245.0569255,2.645329604,306398.0626,260633.6863,252733.4718,0,0,0,
574,415.8370667,12.47215818,223070.3498,63127.17937,110160.1265,342911.0363,0,0,
575,257.0546316,6.636374525,158310.2302,0,8953695.939,156951.7318,0,0,
576,130.051062,3.762106475,896543.9975,1373838.48,1.53E+07,1739466.076,3575549.659,0,
577,516.2859344,2.050372508,281273.4203,0,7051243.13,0,0,0,
578,570.3408,1.909403243,280314.0105,389904.5545,8628787.159,0,0,0,
579,176.900705,8.827042039,330505.9225,418211.3682,1295030.859,1049624.28,1709568.502,0,
580,255.0097412,4.217067993,325843.6364,361553.0057,1.75E+07,259516.6907,363704.6634,0,
581,233.012619,1.982510997,232735.0949,193182.4417,2.07E+07,0,0,0,
582,293.054601,3.666906775,158774.25,0,1.55E+07,129164.1046,0,0,
583,102.05616,5.703432242,151821.9924,470302.3199,1.18E+07,569239.8808,317249.5422,0,
584,131.0714912,1.67300793,197319.9197,206723.6347,1.18E+07,0,703619.6964,0,
585,435.2517039,1.91523046,350380.757,471967.3329,1.47E+07,0,0,0,
586,204.0666122,1.912608353,181662.3743,0,8438535.085,172716.1305,0,0,
587,426.7074687,4.34411762,438596.8219,0,0,181100.3444,0,3.90E+08,
588,283.9767456,1.783130066,145674.7069,0,9105912.578,0,0,0,
589,162.8426259,3.619443354,342540.767,496991.2703,0,304632.0415,0,0,
590,186.0561562,3.416191405,299880.8104,268835.5878,1.95E+07,70163.42795,0,0,
591,424.710434,2.319388222,286863.4872,185056.5137,0,642478.0326,0,4.34E+08,
592,432.7235374,4.788579621,178235.5783,0,179026.6349,1762461.605,0,2.79E+08,
593,122.9706154,0.295030736,103794.5466,0,0,0,423873.135,0,
594,166.0181389,3.905723542,233482.1396,311032.6683,2.33E+07,268590.6221,0,0,
595,162.8427124,3.158591194,232965.2907,0,0,251607.9788,0,0,
596,162.8427226,3.407586149,129439.4056,91240.32864,0,394097.9316,0,0,
597,152.8877487,2.950078792,186971.0172,0,60288.85404,160773.394,0,0,
598,522.8060303,12.42919155,6745375.704,1840839.201,3156456.908,1.25E+07,0,0,
599,484.6661123,4.12510156,191369.7984,0,0,1010973.523,0,5.33E+08,
600,231.0599499,7.381953971,85125.28433,483945.2284,1607077.073,431112.2487,0,0,
601,162.8426056,4.038667626,171695.1643,0,0,312841.6378,119943.7616,0,
602,484.6663005,3.038749054,68578.94886,0,63483.0046,0,0,5.26E+08,
603,260.0234863,7.560047814,133728.6206,264141.5864,3.89E+07,330091.1452,278151.9215,0,
604,146.9699097,0.728261517,62564.57655,0,67403.31147,0,0,0,
605,152.8805313,3.338035417,215650.0569,0,39903.3716,0,0,0,
606,152.8805898,3.058954398,251987.4748,150567.6258,0,273772.1806,0,0,
607,152.8805822,3.550798882,54624.4827,102547.8225,0,0,269845.2458,0,
608,105.9918747,7.853782309,72512.02965,0,0,47647.63393,0,0,
609,105.9918861,10.73793789,44831.39615,49067.47279,0,0,0,0,
610,365.1173096,1.197374442,0,6.75E+08,0,0,8.00E+08,0,
611,612.7961426,12.11308473,0,3.28E+08,3.86E+08,0,0,0,
612,134.8947601,1.344418785,0,5.65E+08,0,0,0,1100038.514,
613,278.1246643,5.620247001,0,2.91E+08,1.17E+07,0,0,0,
614,718.7605896,12.11308473,0,1.88E+08,2.27E+08,0,0,0,
615,546.8245239,12.10877818,0,2.02E+08,2.32E+08,0,0,0,
616,325.1843567,1.119224376,0,1.47E+08,0,0,0,1369405.496,
617,685.7745514,12.11308473,0,8.03E+07,9.69E+07,0,0,0,
618,738.757253,12.08314697,0,6.56E+07,0,1.06E+08,1.27E+08,0,
619,771.7426351,12.13957294,0,5.33E+07,6.75E+07,0,0,7.07E+08,
620,791.738884,12.09801903,0,4.46E+07,5.88E+07,7.54E+07,8.76E+07,0,
621,227.2016907,1.165444951,0,4.53E+07,1.14E+08,0,0,0,
622,146.9660416,0.277029918,0,8.64E+07,7.59E+07,0,0,0,
623,277.9248352,12.17676766,0,5.54E+07,0,0,0,1.43E+08,
624,126.9051717,3.282211698,0,2.78E+07,0,1.89E+07,1.96E+07,0,
625,119.947094,0.307362201,0,4.19E+07,3.33E+07,0,0,0,
626,842.3159637,1.239132542,0,4434128.81,2.62E+07,0,0,0,
627,284.096227,1.184854576,0,6212700.601,0,4578013.034,9615858.515,0,
628,136.8631643,1.367997754,0,2.71E+07,1.39E+07,6.78E+07,0,0,
629,557.2563629,5.564015234,0,8988630.782,0,2213334.024,0,0,
630,236.7991638,6.382985802,0,2.07E+07,2.41E+07,1.08E+07,0,0,
631,800.7221451,12.13200891,0,1.04E+07,0,2.15E+07,2.65E+07,2.10E+08,
632,234.8023122,6.50400922,0,1.19E+07,0,9847857.2,1132616.1,0,
633,712.2941081,1.257017899,0,1928905.213,0,1551518.34,5298891.318,0,
634,167.836736,1.132273625,0,1.95E+07,1.69E+07,8.15E+07,0,0,
635,116.9725711,6.937266004,0,1.62E+07,3090903.989,2.53E+07,0,0,
636,152.8837967,1.354848042,0,3499619.516,0,5.41E+07,0,0,
637,167.8367869,4.354036054,0,3.70E+07,1.98E+07,4.43E+07,0,0,
638,342.9117584,6.20816511,0,5679380.38,4987618.073,0,0,0,
639,310.8777313,12.47387084,0,1.06E+07,1.78E+07,0,0,0,
640,208.8452988,1.266876194,0,3280121.258,0,0,0,9.40E+08,
641,534.3022614,1.026774349,0,2502906.912,4802301.742,0,0,0,
642,171.8315684,4.43667217,0,2.04E+07,1.54E+07,3.34E+07,0,0,
643,917.3796997,1.277868935,0,1546928.24,5.11E+07,0,0,0,
644,152.8837891,2.461741492,0,1.08E+07,0,2.56E+07,0,0,
645,135.9711151,2.657899176,0,2.02E+07,1.71E+07,0,0,0,
646,177.8448143,6.783266225,0,8809888.756,9484334.126,1.62E+07,1.17E+07,0,
647,150.8867035,2.455720015,0,1.05E+07,0,2.06E+07,0,7.26E+08,
648,216.0514628,4.443785281,0,3206299.949,0,4039877.777,1653707.018,0,
649,177.9031245,6.165481504,0,1.02E+07,0,3276904.454,733986.605,0,
650,123.0452525,12.29921217,0,7528759.48,0,4.03E+07,5.42E+07,0,
651,123.045269,8.074973244,0,1.19E+07,0,0,0,2.05E+07,
652,710.4236755,1.528011418,0,888982.7067,8251274.443,0,0,0,
653,331.1300507,1.468671097,0,866190.3663,4.37E+07,1385861.069,0,0,
654,116.0760536,5.945546676,0,741465.3671,591133.0315,757626.0573,0,0,
655,199.8152504,5.533030902,0,949586.1318,2.61E+07,0,0,0,
656,327.2906189,1.161128277,0,495795.1061,2.93E+07,0,0,0,
657,116.0674915,5.916766851,0,649468.1275,858205.9121,0,0,0,
658,207.0510635,6.308405193,0,731568.9967,2.74E+07,0,0,0,
659,384.2211456,1.074422968,0,192113.7162,1.14E+07,0,0,0,
660,359.2799301,1.061428943,0,201710.2372,2.55E+07,0,0,0,
661,272.0236359,2.860257783,0,307239.2778,3.37E+07,0,0,0,
662,576.2855428,1.936635472,0,321660.3115,1973080.619,0,321106.1973,0,
663,586.244812,2.052804025,0,276324.4363,461442.8848,0,1713488.721,0,
664,216.9094696,8.824728008,0,145871.8655,3379794.569,211875.011,0,0,
665,542.3454895,2.033572718,0,149618.4437,6708829.599,0,0,0,
666,286.0603027,7.259532846,0,124525.5811,1976522.559,115947.257,0,0,
667,305.0647202,3.878733169,0,81302.31027,1.37E+07,0,0,0,
668,174.088445,7.468109091,0,63533.85049,1.85E+07,68287.5749,0,0,
669,150.883503,3.414933535,0,43677.62199,0,0,0,2361778.01,
670,194.9275818,8.809651002,0,38988.21742,1142637.968,0,0,0,
671,150.8835793,3.25575646,0,54068.28718,0,0,253580.754,0,
672,152.8805351,2.931257443,0,62195.41582,33396.97272,0,0,0,
673,105.9918842,8.431551978,0,39698.28994,0,42523.48725,0,0,
674,357.1890182,1.312078407,0,0,1.55E+09,4.89E+08,0,0,
675,371.1682434,1.314532064,0,0,1.50E+09,1.80E+08,5.37E+08,0,
676,393.2773031,1.327605376,0,0,6.28E+08,0,1.01E+09,3.62E+07,
677,393.1656342,1.318768275,0,0,5.56E+08,0,0,1003717.848,
678,365.2459564,1.335999468,0,0,4.29E+08,0,0,4.68E+07,
679,400.8674316,12.19334835,0,0,9.59E+08,0,0,5.37E+09,
680,253.217364,1.162318808,0,0,3.04E+08,1.11E+07,3.28E+07,0,
681,347.8852539,12.19334835,0,0,2.41E+08,0,0,1.63E+09,
682,665.7784119,12.11444539,0,0,1.07E+08,1.44E+08,0,0,
683,758.7528992,12.13167807,0,0,8.51E+07,1.25E+08,0,0,
684,218.9652634,1.901317559,0,0,4.15E+07,0,0,931441.0089,
685,217.0482216,6.429248524,0,0,1.16E+07,1190564.581,0,0,
686,158.0823008,2.070459676,0,0,8906719.933,9538490.149,1.69E+07,0,
687,241.1195107,2.146871265,0,0,5513707.041,322141.5747,0,0,
688,216.9813118,8.887338615,0,0,9520467.8,60969.34239,0,0,
689,121.9441452,3.44440085,0,0,1.40E+07,0,8594872.559,0,
690,273.0203552,4.332319532,0,0,1.84E+07,0,435770.3112,0,
691,199.0376638,5.875166815,0,0,4360730.318,403683.2652,1017584.685,0,
692,242.0517476,6.776141592,0,0,1.07E+07,5348770.325,1893468.713,0,
693,326.7595825,6.597564801,0,0,5205188.384,0,6.00E+07,0,
694,216.981308,3.061824583,0,0,4051429.86,134889.6209,0,0,
695,179.841802,6.793476354,0,0,9717324.031,1.69E+07,1.18E+07,0,
696,198.8922844,5.833428942,0,0,1.26E+07,0,0,4.20E+08,
697,442.6763611,6.580312517,0,0,2484053.333,0,4.01E+07,0,
698,500.6351471,6.580312517,0,0,1486464.973,0,2.95E+07,0,
699,502.6323547,3.4259771,0,0,5261178.409,0,0,8.50E+08,
700,200.8893433,5.898219757,0,0,8320905.988,0,0,2.72E+08,
701,384.7176514,6.580312517,0,0,1768187.552,0,3.26E+07,0,
702,384.7178802,3.297629977,0,0,6512043.695,0,0,3.89E+08,
703,560.5910492,3.412288184,0,0,3873118.88,0,0,9.16E+08,
704,258.8479462,5.919616624,0,0,3756282.832,0,0,5.21E+08,
705,446.6706543,3.421055425,0,0,3731316.456,0,0,3.37E+08,
706,324.7626801,3.438909625,0,0,3220002.22,0,0,4.86E+08,
707,248.8378983,1.707045474,0,0,648177.4308,1.66E+07,1.13E+08,0,
708,558.5935364,3.447676792,0,0,2241150.253,0,0,5.07E+08,
709,132.9206085,1.76804989,0,0,722333.2452,0,7.05E+07,0,
710,180.9315147,12.38858642,0,0,126904.0967,0,1415230.507,0,
711,556.596344,3.516916933,0,0,438917.451,0,0,1.01E+07,
712,384.08284,4.945589909,0,0,84052.25482,0,5.12E+07,0,
713,426.7072754,3.142424534,0,0,84606.59682,0,0,3.91E+08,
714,152.8877716,3.199362885,0,0,109683.0856,111752.2655,0,0,
715,212.0023575,2.620471309,0,0,0,7.22E+07,8.87E+07,0,
716,391.0497589,4.6706711,0,0,0,2.24E+07,3.28E+07,0,
717,134.8653259,0.238046017,0,0,0,1.10E+08,2.68E+08,0,
718,266.8040009,2.394724407,0,0,0,4.68E+07,0,1.33E+09,
719,118.9421329,8.842161799,0,0,0,7407428.741,9090642.728,0,
720,150.8867035,1.807531493,0,0,0,5.03E+07,0,5.83E+08,
721,152.8837433,3.176564126,0,0,0,5.63E+07,0,1.16E+09,
722,184.8586349,6.519272868,0,0,0,1.90E+07,5489186.578,0,
723,210.8423767,2.498058701,0,0,0,2.09E+07,3.90E+07,0,
724,123.0452385,11.90230454,0,0,0,3.88E+07,0,7.17E+07,
725,272.795105,2.394724407,0,0,0,1.86E+07,0,4.39E+08,
726,212.075119,11.9673126,0,0,0,1.06E+07,2.23E+07,1272339.11,
727,550.6382751,4.864971024,0,0,0,1818295.79,0,3.89E+08,
728,245.0546303,6.319425576,0,0,0,239734.4429,1627261.856,0,
729,426.7074203,4.135099884,0,0,0,783890.0461,0,3.03E+08,
730,152.8806458,2.065940401,0,0,0,213806.943,637930.1769,0,
731,152.8805313,4.133112,0,0,0,152066.8314,0,1570639.005,
732,152.8806076,3.794045975,0,0,0,213390.1099,0,2518110.84,
733,272.7950745,0.216359,0,0,0,0,3446261.83,3.51E+08,
734,112.9856796,6.930764994,0,0,0,0,4.19E+07,6030448.209,
735,187.9553223,8.682497508,0,0,0,0,6.25E+07,1.19E+08,
736,246.0572662,4.470633001,0,0,0,0,8.19E+07,2933911.29,
737,246.057312,4.128493367,0,0,0,0,4.49E+07,2670577.945,
738,212.8394089,2.249391626,0,0,0,0,5.08E+07,3.08E+08,
739,154.8807526,2.419335668,0,0,0,0,2.27E+07,1.92E+08,
740,212.0750771,10.45446002,0,0,0,0,2.58E+07,8043202.183,
741,188.9350777,12.18339495,0,0,0,0,3279747.536,1.55E+07,
742,556.5961304,2.094312233,0,0,0,0,1.52E+07,1.29E+08,
743,152.8806305,6.421012335,0,0,0,0,276219.2881,511608.2072,
744,154.8766747,3.06834755,0,0,0,0,149811.1823,1856802.936,
745,150.8835831,2.401985918,0,0,0,0,315133.047,1204408.876,
